Age_of_Delivery_Partner,Ratings_of_Previous_Deliveries,Total_Distance,Predicted_Delivery_Time
25,4.3,10,32.96893
19,2.5,6,37.22818
34,3.8,16,37.06282
20,1.9,20,34.71015
25,2.2,9,37.766712
22,3.0,14,36.230366
28,3.5,17,36.89139
15,5.0,3,17.415794
18,3.9,6,37.243923
18,2.3,6,34.99029
35,2.2,6,34.488037
