Age_of_Delivery_Partner,Ratings_of_Previous_Deliveries,Total_Distance,Predicted_Delivery_Time
25,4.3,10,33.02758
19,2.5,6,36.495552
34,3.8,16,36.715675
20,1.9,20,34.862804
25,2.2,9,36.51879
22,3.0,14,36.493366
28,3.5,17,36.60726
15,5.0,3,16.350864
18,3.9,6,36.52692
18,2.3,6,36.347046
35,2.2,6,36.112766
